{"Training Loss": 11.233201026916504, "Training lr": 2.2823779193205946e-07, "_timestamp": 1736548170.3405557, "_runtime": 3764.17311167717, "_step": 128}