{"Training Loss": 11.287174224853516, "Training lr": 1.7695983011856307e-08, "_timestamp": 1736494075.2013726, "_runtime": 273.15153455734253, "_step": 15}