{"Training Loss": 11.180657386779785, "Training lr": 6.40481245576787e-06, "_timestamp": 1736504300.9515486, "_runtime": 10008.720379590988, "_step": 361}