{"Training Loss": 6.497629165649414, "Training lr": 7.926397735314934e-06, "Training wd": 0.04022308498284194, "_timestamp": 1736759450.434909, "_runtime": 93794.75559020042, "_step": 4479}